_id,PROVINCE_NAMETH,Sugarwhite,Sugarrefine,SugarWhitetotal,Sugarrawtotal,Sugartotal,SugarofCane,ProductionYear
1,นครราชสีมา,1153830.63,1872069.1,3025899.73,10070564.9,13497864.17,481.8323792,2565/66
2,กาญจนบุรี,1058926.5,2206862.2,3265788.7,4532983.5,7978075.768,859.9072377,2565/66
3,กำแพงเพชร,996964,476768.5,1473732.5,4366309.85,5943640.081,315.8094137,2565/66
4,มุกดาหาร,778753,,778753,463228.1,1241981.1,122.5414622,2565/66
5,นครสวรรค์,653803.02,502522.5,1156325.52,4797968.99,6015910.32,225.6308076,2565/66
6,อุทัยธานี,551192,392209.5,943401.5,3013412.82,4085878.74,222.486799,2565/66
7,ขอนแก่น,478046.9,1597273.8,2075320.7,3823581.08,6312971.279,245.431925,2565/66
8,สุพรรณบุรี,433928.66,1050351.31,1484279.97,3247082.37,5362909.563,341.5100052,2565/66
9,ชลบุรี,388669,267337.5,656006.5,625889.7,1372059.244,328.8199539,2565/66
10,ลพบุรี,370130.5,,370130.5,1921144.8,2399732.451,235.2981263,2565/66
11,ชัยภูมิ,323436.5,1076751.57,1400188.07,4894901.56,6386579.204,241.9746165,2565/66
12,สระบุรี,283722.6,696223.2,979945.8,1538582.78,2525628.222,116.8937203,2565/66
13,เพชรบูรณ์,266526.5,360149,626675.5,5603011.5,6445101.922,241.9848439,2565/66
14,สระแก้ว,262474.5,238990.5,501465,3711864,4213329,246.4227695,2565/66
15,ราชบุรี,249183,291683,540866,938604.23,1479470.23,221.5522295,2565/66
16,อุดรธานี,211885,804057,1015942,4636194.78,5713449.056,326.7532847,2565/66
17,สิงห์บุรี,152251.009,336436,488687.009,735600.12,1225094.451,119.5693099,2565/66
18,หนองบัวลำภู,144144.5,373138,517282.5,2829623.6,3346906.1,115.448253,2565/66
19,กาฬสินธุ์,142957.5,,142957.5,4288449.35,4646250.008,247.118408,2565/66
20,พิษณุโลก,125803,311574,437377,2203448.5,2666426.936,114.019789,2565/66
21,ประจวบคีรีขันธ์,119297,103431,222728,189217.2,411945.2,115.0121678,2565/66
22,อุตรดิตถ์,42404,244724.5,287128.5,1671062.7,1981154.459,120.3592408,2565/66
23,สุโขทัย,13426.5,63984,77410.5,2381793.28,2468243.66,126.055003,2565/66
24,สุรินทร์,7470,798766.26,806236.26,1137189.2,1943425.46,119.4258811,2565/66
25,เลย,,,,5818659.5,5908705.286,245.7484616,2565/66
26,บุรีรัมย์,,,,1988102.6,2389421.67,121.8404986,2565/66
27,มหาสารคาม,,,,533224.4,631354.758,115.5983755,2565/66
28,สกลนคร,,,,411069,441448.09,111.9379294,2565/66
29,อำนาจเจริญ,,,,1555283.9,1555283.9,129.9873498,2565/66
30,กาญจนบุรี,1517252.5,2075946.25,3593198.75,3174944.45,6969779.714,721.8715186,2564/65
31,นครราชสีมา,1198192,1558156.75,2756348.75,9188032.25,12109763.43,462.6001482,2564/65
32,นครสวรรค์,917572.89,268332.5,1185905.39,3185700.49,4402731.705,197.9810177,2564/65
33,กำแพงเพชร,784374,279041.5,1063415.5,3896299.26,5018834.489,291.1493534,2564/65
34,อุทัยธานี,710241.5,497180.5,1207422,2248788.23,3541153.654,192.8646998,2564/65
35,มุกดาหาร,692474,,692474,498210.7,1402406.2,120.0846,2564/65
36,ขอนแก่น,476032.4,1809328.25,2285360.65,3708797.13,6511689.25,245.1840511,2564/65
37,ราชบุรี,426972,348419,775391,559053.63,1334444.63,186.4391597,2564/65
38,สุพรรณบุรี,380876.01,901138.55,1282014.56,2463660.5,4525341.013,302.3906365,2564/65
39,อุดรธานี,376813,908858.2,1285671.2,5269260.21,6718639.814,330.0299053,2564/65
40,สระบุรี,322711,536173,858884,544003.1,1625566.489,99.26643966,2564/65
41,ชลบุรี,318506.5,215649,534155.5,579944.1,1190672.51,302.5916879,2564/65
42,ชัยภูมิ,304607,983881.25,1288488.25,4528675.22,5942351.964,228.6525964,2564/65
43,ประจวบคีรีขันธ์,214628,139076,353704,231772.9,585476.9,106.9833149,2564/65
44,กาฬสินธุ์,193523.5,1730,195253.5,5027758.33,5673856.458,250.4531757,2564/65
45,เพชรบูรณ์,186434.9,326097.25,512532.15,4868947.1,5553068.889,218.1998318,2564/65
46,สระแก้ว,105774.5,144814,250588.5,3301388.7,3634090.936,224.5435876,2564/65
47,ลพบุรี,102522,,102522,1305876.1,1423397.868,205.6387739,2564/65
48,สิงห์บุรี,89107.006,166499.5,255606.506,774707.98,1031118.428,105.3040338,2564/65
49,สุโขทัย,66588,376485.5,443073.5,1554881.37,2023311.123,116.528259,2564/65
50,อุตรดิตถ์,61147,234914,296061,1614516.6,1955514.726,114.0703053,2564/65
51,พิษณุโลก,37125,351558,388683,1338613.3,1782234.252,103.6481356,2564/65
52,สุรินทร์,32497.25,888394.11,920891.36,1133071.4,2053970.76,115.9425336,2564/65
53,หนองบัวลำภู,3113.5,18161.5,21275,3441765.3,3463040.3,113.3722829,2564/65
54,เลย,,,,5527773.6,5720222.783,234.541555,2564/65
55,บุรีรัมย์,,,,2740929.1,2863385.941,120.7466237,2564/65
56,มหาสารคาม,,,,525852.8,631827.606,120.156483,2564/65
57,สกลนคร,,,,374378.8,384848.3,110.1162628,2564/65
58,อำนาจเจริญ,,,,1494881.6,1494881.6,132.4256207,2564/65
59,กาญจนบุรี,1632327,1768117.1,3400444.1,2582146.27,6084878.96,798.7083781,2563/64
60,นครราชสีมา,1016915.25,1074053.75,2090969,5114220.3,7454557.464,355.0799091,2563/64
61,อุดรธานี,830601.25,819946.5,1650547.75,2457403.53,4173232.78,449.1287942,2563/64
62,นครสวรรค์,774830.89,100600.5,875431.39,2511698.4,3428692.699,208.0886279,2563/64
63,มุกดาหาร,677560,,677560,341187.4,1018747.4,118.9566079,2563/64
64,กำแพงเพชร,555345.67,408104.5,963450.17,3891226.4,5056499.57,298.2700547,2563/64
65,อุทัยธานี,434148.5,208471.5,642620,1957744.81,2689965.462,214.3270463,2563/64
66,ขอนแก่น,369373,1065399.2,1434772.2,2453811.26,4259788.188,245.3201446,2563/64
67,ราชบุรี,312419,427530,739949,471249.23,1211198.23,207.7775698,2563/64
68,สระบุรี,306801.5,530546.75,837348.25,339472.42,1375700.22,117.1296815,2563/64
69,ชลบุรี,297607.5,295429,593036.5,573105.9,1250903.9,322.5224182,2563/64
70,ชัยภูมิ,266563,603506.32,870069.32,3684838.95,4721475.37,232.4416297,2563/64
71,สุพรรณบุรี,245036.57,543784.6,788821.17,1996826.27,3274300.912,306.3079965,2563/64
72,สระแก้ว,205491.5,202940,408431.5,2877322.9,3379926.9,247.0601712,2563/64
73,กาฬสินธุ์,203667,,203667,2999825.7,3580495.95,250.4178622,2563/64
74,หนองบัวลำภู,170634.5,515016.5,685651,1879271.1,2564922.1,116.0572466,2563/64
75,เพชรบูรณ์,158345.5,294779,453124.5,3809437.9,4402144.034,229.1444016,2563/64
76,ประจวบคีรีขันธ์,131668.5,90909.5,222578,126374.15,348952.15,105.3969681,2563/64
77,พิษณุโลก,85105,331408,416513,1275642.7,1727083.7,106.132058,2563/64
78,สิงห์บุรี,83110.467,246999,330109.467,687738.14,1017847.607,108.4770818,2563/64
79,สุรินทร์,69167,1025346.442,1094513.442,118281.9,1212795.342,111.26092,2563/64
80,สุโขทัย,64830,138699,203529,860476.25,1143426.75,120.1912169,2563/64
81,อุตรดิตถ์,42672,,42672,1161995.6,1253318.6,117.6458938,2563/64
82,บุรีรัมย์,38292.5,,38292.5,1328655,2175676.5,123.681627,2563/64
83,ลพบุรี,1342,20339,21681,988728,1285634,219.4477245,2563/64
84,เลย,,,,3986456.7,4088785.7,250.3412795,2563/64
85,มหาสารคาม,,,,275796.2,367804.9,122.2876191,2563/64
86,สกลนคร,,,,415840.5,415840.5,110.9333629,2563/64
87,อำนาจเจริญ,,,,901448.2,901448.2,127.6226294,2563/64
88,กาญจนบุรี,1544441.25,1590877.75,3135319,3577973.82,6722862.82,792.9896619,2562/63
89,นครราชสีมา,1162889.5,843927.15,2006816.65,3605937,5805139.15,332.1740692,2562/63
90,นครสวรรค์,632863,543784.78,1176647.78,2747399.22,4061453.796,206.1017039,2562/63
91,มุกดาหาร,623534.5,,623534.5,1077953.3,1701487.8,125.058876,2562/63
92,ชลบุรี,448741.5,240570,689311.5,546738.4,1236049.9,315.221509,2562/63
93,สุพรรณบุรี,397748.44,777875.26,1175623.7,1367669.23,3108252.824,298.5036635,2562/63
94,อุดรธานี,371290.5,1034580.5,1405871,4647296.495,6053167.495,459.7253051,2562/63
95,ราชบุรี,334327.5,366696,701023.5,530059.15,1231082.65,193.5227479,2562/63
96,กำแพงเพชร,328229.99,119593,447822.99,6499035.83,7123793.32,318.2001769,2562/63
97,ขอนแก่น,308022.5,1349832.1,1657854.6,1991932.21,3830136.031,225.5242388,2562/63
98,อุทัยธานี,298564,345389.5,643953.5,2382385.43,3144375.468,209.8776485,2562/63
99,ชัยภูมิ,285400,481763.25,767163.25,2834142.92,3603328.17,219.2219865,2562/63
100,บุรีรัมย์,256388,,256388,1785314.4,2192693.9,121.9174034,2562/63
101,อุตรดิตถ์,196973.5,476076.5,673050,1288869.1,1961919.1,114.3605363,2562/63
102,เพชรบูรณ์,176736,308867,485603,3847553,4541469.171,222.4034802,2562/63
103,กาฬสินธุ์,169218.01,,169218.01,4209550.9,4631226.16,251.8939482,2562/63
104,สระบุรี,149048.2,499248.8,648297,940099.29,1588642.04,109.4383257,2562/63
105,หนองบัวลำภู,140763.5,391694,532457.5,2040631.1,2573088.6,114.2481156,2562/63
106,สระแก้ว,136468,56374,192842,5356976.4,5549818.4,225.54308,2562/63
107,ลพบุรี,113264,6131.5,119395.5,1044620.5,1216117,208.9673798,2562/63
108,ประจวบคีรีขันธ์,97871.6,103937.1,201808.7,193393.7,395202.4,105.7702344,2562/63
109,พิษณุโลก,90859.2,185121,275980.2,2098256.1,2387171.1,107.2607434,2562/63
110,สิงห์บุรี,66225,247185,313410,722697.02,1036299.02,100.3958223,2562/63
111,สุโขทัย,54011.5,244238.5,298250,1383608.88,1790599.38,119.5301035,2562/63
112,เลย,29335.5,,29335.5,4315939.5,4345275,232.7634541,2562/63
113,สุรินทร์,18448.5,1077844.97,1096293.47,663195.7,1759489.17,117.7494246,2562/63
114,มหาสารคาม,,,,312436.4,343523.7,116.1257563,2562/63
115,สกลนคร,,,,189808.3,189808.3,102.8004421,2562/63
116,อำนาจเจริญ,,,,988664.5,988664.5,131.6439349,2562/63
117,กาญจนบุรี,1587239.5,3584813.5,5172053,4769110.16,9946488.16,793.4399489,2561/62
118,อุดรธานี,836651.25,1619648.5,2456299.75,6565145.92,9021445.67,441.1478845,2561/62
119,มุกดาหาร,758077.11,,758077.11,2086083.6,2844160.71,130.9092503,2561/62
120,อุทัยธานี,670025,800674.5,1470699.5,4241124.06,5856222.538,203.5892713,2561/62
121,สุพรรณบุรี,635404.39,971756.48,1607160.87,3416538.89,5684708.616,304.3951105,2561/62
122,กำแพงเพชร,620050.89,237914.08,857964.97,9269108.39,10219469.86,301.4140706,2561/62
123,ชลบุรี,586157,373635,959792,688889.8,1648681.8,313.3268594,2561/62
124,ชัยภูมิ,553047,1116262.2,1669309.2,5423386.87,7110266.07,231.1185154,2561/62
125,นครราชสีมา,519121,2906532.85,3425653.85,9825720.5,13487281.85,344.3047196,2561/62
126,ขอนแก่น,503088,2812113.8,3315201.8,5460749.8,9130200.329,232.9999805,2561/62
127,นครสวรรค์,423260.5,1765240.5,2188501,5641482.49,7830303.985,204.329217,2561/62
128,ราชบุรี,375008.5,787519.5,1162528,710143.73,1872671.73,195.501029,2561/62
129,ลพบุรี,267028,29996.5,297024.5,2755540.6,3101606.3,221.2199075,2561/62
130,กาฬสินธุ์,232162.9,,232162.9,8309903.2,8715577.1,244.8643487,2561/62
131,อุตรดิตถ์,206058.5,738763,944821.5,1553364.4,2498185.9,106.9277906,2561/62
132,บุรีรัมย์,170880.25,,170880.25,3362614.9,3533495.15,120.5445656,2561/62
133,หนองบัวลำภู,166779.5,486605.5,653385,3158488.8,3811873.8,113.6877842,2561/62
134,สระบุรี,165256.9,962489.6,1127746.5,2697948.37,3825694.87,111.7067627,2561/62
135,ประจวบคีรีขันธ์,163881.07,244983.27,408864.34,196797.55,605661.89,102.5597924,2561/62
136,สิงห์บุรี,137556,400456,538012,1162693.3,1701216.02,102.7535009,2561/62
137,เพชรบูรณ์,130089,756520,886609,7209115.2,8314389.497,229.4579433,2561/62
138,พิษณุโลก,86922,267957,354879,3385212.3,3744546.3,108.9371082,2561/62
139,สุโขทัย,84207.5,357086,441293.5,2275009.91,2738866.41,111.2728083,2561/62
140,เลย,8334,,8334,8687959.8,8696293.8,239.7167118,2561/62
141,สระแก้ว,1950,945,2895,4921928.3,4924823.3,232.3576943,2561/62
142,มหาสารคาม,,,,1300312.4,1306905.15,121.0331594,2561/62
143,สกลนคร,,,,,,0,2561/62
144,สุรินทร์,,1706070.2,1706070.2,1929599,3635669.2,118.2589602,2561/62
145,กาญจนบุรี,2208739,4054987,6263726,5665819.98,11929545.98,801.6199258,2560/61
146,นครสวรรค์,1269966,1730282.65,3000248.65,6292402.76,9292728.1,200.186736,2560/61
147,อุดรธานี,1078616.07,1578188.17,2656804.24,5307913.752,7964717.992,434.1633055,2560/61
148,มุกดาหาร,884553.5,,884553.5,1509329.3,2393882.8,124.1745631,2560/61
149,ขอนแก่น,860022.5,2609076.8,3469099.3,5170052.5,9083146.3,231.9311274,2560/61
150,นครราชสีมา,857591.81,1586985.26,2444577.07,5643186.15,8328210.22,223.0135888,2560/61
151,อุทัยธานี,801438.5,962858.5,1764297,4183278.439,6128564.295,199.7511605,2560/61
152,กำแพงเพชร,768603.25,669360.29,1437963.54,7626791.81,9154350.35,306.0640935,2560/61
153,ชลบุรี,726613.5,444676,1171289.5,822974.4,1994263.9,306.3602478,2560/61
154,สุพรรณบุรี,537344.29,1620156.5,2157500.79,3912970.6,6889702.327,301.1848326,2560/61
155,ชัยภูมิ,510733.5,1146749.14,1657482.64,5070685.67,6749256.61,226.155938,2560/61
156,บุรีรัมย์,456753.75,,456753.75,3324229,3781856.75,119.8843893,2560/61
157,ราชบุรี,432130.6,935086.8,1367217.4,878176.76,2245394.16,203.5457069,2560/61
158,เลย,379041,19926.5,398967.5,7004696.9,7403664.4,232.0770913,2560/61
159,ลพบุรี,301747.5,91830.5,393578,2894311.4,3354934.1,213.8774893,2560/61
160,กาฬสินธุ์,292687.5,1490,294177.5,6492328,7032938.95,238.8885361,2560/61
161,ประจวบคีรีขันธ์,248484.7,232933.9,481418.6,224757.35,706175.95,103.3645093,2560/61
162,หนองบัวลำภู,235968.5,784184.5,1020153,3300262.7,4321202.95,109.6537444,2560/61
163,เพชรบูรณ์,227549.5,942920.5,1170470,7024790,8444805.045,227.7463474,2560/61
164,สระบุรี,219745,1294194.95,1513939.95,2907260.08,4421200.03,109.7321239,2560/61
165,สิงห์บุรี,155424,404865,560289,1352387,1913716.64,101.6742987,2560/61
166,พิษณุโลก,130916,485205,616121,2397986,3021165,107.5169959,2560/61
167,อุตรดิตถ์,130189.5,708524.5,838714,1720330.1,2559044.1,107.7560504,2560/61
168,สระแก้ว,126778,118388,245166,4826878.3,5072044.3,107.5628531,2560/61
169,สุโขทัย,112762,392408,505170,1875685.57,2491444.07,110.3276818,2560/61
170,มหาสารคาม,,,,1188566.8,1300913.3,117.701166,2560/61
171,สุรินทร์,,2095360.25,2095360.25,1542727.4,3638087.65,114.2802785,2560/61
172,กาญจนบุรี,2469940.5,3301203.75,5771144.25,2492061.06,8263795.06,769.5313401,2559/60
173,นครสวรรค์,1120187.9,1239272.64,2359460.54,4963721.21,7323181.952,214.0610754,2559/60
174,นครราชสีมา,1119636,2409871.5,3529507.5,3834363.35,7666668.85,333.4939816,2559/60
175,อุดรธานี,947257.45,1331440,2278697.45,3447172.358,5725869.808,436.772667,2559/60
176,มุกดาหาร,836349.5,,836349.5,1162992,1999341.5,123.8327827,2559/60
177,กำแพงเพชร,682281.4,490167.2,1172448.6,6252373.73,7459872.33,304.6446525,2559/60
178,ขอนแก่น,628860.8,2007872.05,2636732.85,2958727.2,5906882.25,226.4786146,2559/60
179,บุรีรัมย์,601384,,601384,1877096.6,2478480.6,112.0097424,2559/60
180,ชลบุรี,576240.5,314320,890560.5,597317.6,1487878.1,298.0948009,2559/60
181,ราชบุรี,548556,929564.5,1478120.5,275510.35,1753630.85,190.4183999,2559/60
182,อุทัยธานี,531140,641733.5,1172873.5,2743616.63,4035996.673,204.8857247,2559/60
183,สุพรรณบุรี,426527.21,1168999.1,1595526.31,2678959.52,4816598.617,291.5777188,2559/60
184,กาฬสินธุ์,353965.3,147911.25,501876.55,4544936.8,5066107.05,233.5874557,2559/60
185,เลย,351922,14369,366291,3802695.5,4168986.5,231.7908169,2559/60
186,ชัยภูมิ,279498.1,797067.37,1076565.47,3714089.42,4797084.89,218.5127081,2559/60
187,ลพบุรี,244581,38645.5,283226.5,1639557.2,1961098.75,216.4388908,2559/60
188,สระแก้ว,191659.5,342855.5,534515,3222240.8,3756755.8,108.490001,2559/60
189,เพชรบูรณ์,171999,547155.5,719154.5,4219487.6,5087603.645,226.7487464,2559/60
190,ประจวบคีรีขันธ์,160184,271714,431898,26308.89,458206.89,95.60475535,2559/60
191,อุตรดิตถ์,154786.5,494568.5,649355,1451870.4,2101225.4,108.8960792,2559/60
192,สระบุรี,145364.5,692968.25,838332.75,1608656.4,2446989.15,112.2827642,2559/60
193,สุโขทัย,121217.5,379198,500415.5,1507047.53,2118815.03,108.6061467,2559/60
194,สิงห์บุรี,97077,271991.5,369068.5,1151755.3,1522252.856,102.4231469,2559/60
195,พิษณุโลก,85764,553395,639159,1430034.9,2074208.9,103.9206828,2559/60
196,มหาสารคาม,,,,431238.7,508357.45,112.3339996,2559/60
197,สุรินทร์,,1560781,1560781,115363,1676144,106.2884294,2559/60
198,หนองบัวลำภู,,947244,947244,2723179.2,3670423.2,110.0865828,2559/60
199,กาญจนบุรี,2482160,3038050,5520210,2276594.7,7797431.7,667.0264936,2558/59
200,นครราชสีมา,1099595,1688932.29,2788527.29,5361914,8382997.29,324.6154654,2558/59
201,อุดรธานี,997038.75,1777125.75,2774164.5,3427225.48,6201389.98,422.1968674,2558/59
202,มุกดาหาร,918420.55,,918420.55,1201588,2120008.55,119.8373304,2558/59
203,ขอนแก่น,696622.25,2005855.15,2702477.4,3429254.2,6316741.62,213.0181239,2558/59
204,กำแพงเพชร,672978.44,438968.5,1111946.94,6196681.06,7331048.5,299.2868723,2558/59
205,บุรีรัมย์,655621,,655621,1690902.4,2346862.9,113.8894668,2558/59
206,นครสวรรค์,651001,881092.2,1532093.2,3996829.6,5528922.8,191.9227785,2558/59
207,ราชบุรี,482587.5,1183492,1666079.5,255526.91,1921606.41,191.3737321,2558/59
208,ชลบุรี,465587,265500,731087,686755.2,1417842.2,281.8993094,2558/59
209,สุพรรณบุรี,429527.75,1098402.25,1527930,2911442.73,4890789.596,276.5248677,2558/59
210,อุทัยธานี,377555.5,610099.5,987655,2573324.04,3695038.549,205.6282109,2558/59
211,เลย,310241,,310241,4067201.3,4377442.3,223.8694217,2558/59
212,ลพบุรี,298119.5,111242,409361.5,854528.1,1321237.4,177.2916521,2558/59
213,กาฬสินธุ์,292465,401818,694283,4700018.9,5404380,235.570448,2558/59
214,ชัยภูมิ,247971,1059707.3,1307678.3,2936661.59,4250019.89,172.4013084,2558/59
215,สระแก้ว,173539.5,215763,389302.5,3144524,3533826.5,102.6373676,2558/59
216,ประจวบคีรีขันธ์,162343,282059,444402,20902.95,465304.95,94.45085319,2558/59
217,สระบุรี,161014,579166.35,740180.35,1756191.28,2504013.03,103.3914157,2558/59
218,เพชรบูรณ์,151773.5,660227.75,812001.25,3882964.2,4763843.553,107.7095858,2558/59
219,อุตรดิตถ์,137787.5,512667,650454.5,1056618.8,1707073.3,103.2559485,2558/59
220,พิษณุโลก,94568,871215,965783,648392,1622500,101.010943,2558/59
221,สุโขทัย,92988.5,277465.5,370454,1206075.76,1613262.26,104.5997339,2558/59
222,สิงห์บุรี,37259,167913.5,205172.5,1126163.86,1331870.12,96.48893317,2558/59
223,มหาสารคาม,,,,727881.25,750778,110.1997932,2558/59
224,สุรินทร์,,1084539.71,1084539.71,1431482.3,2516022.01,110.9138689,2558/59
225,หนองบัวลำภู,,1243247,1243247,2500992.2,3744239.2,108.6563446,2558/59
226,กาญจนบุรี,1757893.6,3142773.8,4900667.4,4608649.08,9509836.48,701.3452864,2557/58
227,อุดรธานี,1190524.3,1374208.8,2564733.1,5185801.78,7750534.88,426.3053176,2557/58
228,นครราชสีมา,1088598.2,2058365,3146963.2,5289240.2,8687365.9,318.3633869,2557/58
229,มุกดาหาร,720518.85,,720518.85,1924224.1,2644742.95,122.7360219,2557/58
230,นครสวรรค์,711462,1331426.5,2042888.5,5584979.49,7627867.99,201.7181579,2557/58
231,ขอนแก่น,671252.6,2162420.9,2833673.5,4936112.57,8103326.146,225.0765333,2557/58
232,กำแพงเพชร,560021.9,436247,996268.9,6172636.7,7198254.6,301.7347631,2557/58
233,สุพรรณบุรี,465159.73,1235035.15,1700194.88,3514347.33,5561919.914,284.7629053,2557/58
234,ชลบุรี,452255.5,321405,773660.5,885334.5,1658995,302.3212968,2557/58
235,อุทัยธานี,416128,505877,922005,3240615.21,4276263.323,206.2705692,2557/58
236,กาฬสินธุ์,373843,508221,882064,5297922,6193883.5,234.0130096,2557/58
237,บุรีรัมย์,367900.75,,367900.75,1946185.8,2314086.55,118.5952577,2557/58
238,ราชบุรี,302980,1069340.5,1372320.5,1044715.04,2417035.54,207.1005211,2557/58
239,ชัยภูมิ,283871.5,1414804.47,1698675.97,2241025.6,3946701.57,112.9656443,2557/58
240,เลย,283297,639,283936,4901421.8,5185357.8,227.549462,2557/58
241,สระแก้ว,202329.5,422332,624661.5,3177539.5,3802201,107.2537892,2557/58
242,อุตรดิตถ์,201128.5,802449,1003577.5,1284256.5,2287834,107.7381222,2557/58
243,ลพบุรี,169597.3,55981.3,225578.6,1057262.9,1331004.25,102.9644954,2557/58
244,หนองบัวลำภู,157404.5,736882,894286.5,3772390.1,4666676.6,113.9483865,2557/58
245,ประจวบคีรีขันธ์,150110,226033.8,376143.8,156016.9,532160.7,101.4667741,2557/58
246,สระบุรี,104097,704990.5,809087.5,2278489.4,3095861.9,106.4924941,2557/58
247,เพชรบูรณ์,79261,894442.5,973703.5,4515221.4,5494884.833,111.8733735,2557/58
248,พิษณุโลก,79261,398360,477621,1170554.9,1652273.9,104.5331623,2557/58
249,สุโขทัย,67257.5,162424,229681.5,1837561.9,2183293.9,109.6598746,2557/58
250,สุรินทร์,20000,1183046.2,1203046.2,1494736.1,2697782.3,110.8660068,2557/58
251,สิงห์บุรี,15970.5,117458.5,133429,1437520.7,1571499.204,101.733866,2557/58
252,มหาสารคาม,,,,984575.6,999210.6,112.1649626,2557/58
253,กาญจนบุรี,2556827.9,3932522.8,6489350.7,4008878.26,10499903.96,724.4909751,2556/57
254,อุดรธานี,2042558.4,1020304,3062862.4,3360276.96,6423139.36,437.5224214,2556/57
255,มุกดาหาร,1758958,,1758958,834851.5,2593809.5,122.8601247,2556/57
256,นครราชสีมา,1711209.4,2408796.4,4120005.8,5284371.7,9757269.5,328.3180525,2556/57
257,หนองบัวลำภู,965002,548978.35,1513980.35,2583664.9,4097645.25,107.0340716,2556/57
258,กำแพงเพชร,909303,594677.5,1503980.5,4821255.15,6346293.65,299.5209592,2556/57
259,ชลบุรี,718646,327690,1046336,833004.3,1879340.3,312.6989934,2556/57
260,นครสวรรค์,647020,1586751.5,2233771.5,5963466.75,8197238.25,210.2222286,2556/57
261,สุพรรณบุรี,627244.5,1390565.5,2017810,4226091.58,6580977.163,307.9393934,2556/57
262,ขอนแก่น,625464.5,1466673,2092137.5,5396995.1,7774883.12,225.029463,2556/57
263,อุทัยธานี,547710,1064212,1611922,3104350.23,4907752.383,220.2850192,2556/57
264,ราชบุรี,493643.5,1593258,2086901.5,318491.3,2405392.8,209.291341,2556/57
265,บุรีรัมย์,476662,,476662,1594721.05,2071383.05,117.6617871,2556/57
266,กาฬสินธุ์,473081,384914.5,857995.5,5756388.4,6643711.4,238.4293696,2556/57
267,สระแก้ว,368707.5,100000,468707.5,2548440.3,3017147.8,113.3991762,2556/57
268,ลพบุรี,338202.5,131347,469549.5,1226701.4,1733117.45,108.5980063,2556/57
269,เพชรบูรณ์,336615,1799613.75,2136228.75,3189856.2,5332769.2,113.5870201,2556/57
270,พิษณุโลก,301643,471514,773157,897823.1,1674889.1,98.80030263,2556/57
271,ประจวบคีรีขันธ์,224021.5,249613,473634.5,86303,559937.5,106.7996147,2556/57
272,อุตรดิตถ์,174388,972890,1147278,1206963.8,2354241.8,109.7990616,2556/57
273,สระบุรี,155142,751038.75,906180.75,2799461.5,3713898.25,114.5220144,2556/57
274,ชัยภูมิ,145258.5,784942.39,930200.89,2624576.21,3557927.1,116.509247,2556/57
275,สุโขทัย,102697.5,124990.5,227688,1465786.3,1693474.3,106.4570061,2556/57
276,เลย,89483,,89483,3666406.6,3755889.6,224.9762997,2556/57
277,สิงห์บุรี,41741,227833,269574,1439374.52,1709795.336,106.7845308,2556/57
278,สุรินทร์,19599,801790,821389,1998333.7,2819722.7,109.2480422,2556/57
279,มหาสารคาม,,,,1102263.55,1227511.05,109.3307977,2556/57
280,กาญจนบุรี,2407215,4472584.5,6879799.5,2654930.46,9535741.46,656.6895809,2555/56
281,อุดรธานี,1660430.25,689861.5,2350291.75,2694726.35,5045018.1,414.323357,2555/56
282,นครราชสีมา,1294167,2566790,3860957,5442651.9,9541671.4,314.7593611,2555/56
283,นครสวรรค์,1105989.5,1699575,2805564.5,4330054.6,7135619.1,183.1558182,2555/56
284,หนองบัวลำภู,895435.5,480952.25,1376387.75,1799418.3,3175806.05,98.90266337,2555/56
285,มุกดาหาร,850435.5,,850435.5,1094572.5,1945008,127.203033,2555/56
286,กำแพงเพชร,736496.5,260492.5,996989,4873621.43,5870610.43,271.3184424,2555/56
287,ขอนแก่น,729616.3,444087.5,1173703.8,5791859.06,7273310.2,213.9958242,2555/56
288,สุพรรณบุรี,632299.1,2088726.11,2721025.21,3563398.73,6289728.14,267.3453459,2555/56
289,ชลบุรี,586933.5,342395,929328.5,745998.7,1675327.2,257.9047608,2555/56
290,ราชบุรี,472627,1591517,2064144,88590.15,2152734.15,182.2145012,2555/56
291,บุรีรัมย์,470024.75,,470024.75,1369359.3,1839384.05,105.0781733,2555/56
292,กาฬสินธุ์,453893.5,549969.75,1003863.25,4479364.1,5508708.35,230.5601856,2555/56
293,สระแก้ว,397387.5,260177,657564.5,1984835.4,2642399.9,96.75167303,2555/56
294,ลพบุรี,294951.5,229943.25,524894.75,994036.6,1592502.55,97.14546514,2555/56
295,เพชรบูรณ์,268363,1053561.75,1321924.75,3531716.3,4858573.8,106.9953975,2555/56
296,ชัยภูมิ,201855.5,1227095,1428950.5,1763627.01,3195517.51,105.2037645,2555/56
297,ประจวบคีรีขันธ์,181524.5,253296.5,434821,43011.7,477832.7,93.04328247,2555/56
298,สุโขทัย,139161,151961.5,291122.5,1242861.7,1533984.2,94.43852101,2555/56
299,อุทัยธานี,129936.5,525973.48,655909.98,3224107.66,3881452.4,195.0193771,2555/56
300,อุตรดิตถ์,128138.5,791073.5,919212,1285796.4,2205008.4,103.4211832,2555/56
301,สระบุรี,117123.5,590051.5,707175,2865749.1,3572924.1,105.6211362,2555/56
302,พิษณุโลก,108327,550812,659139,1239126.8,1900065.8,91.24743735,2555/56
303,สิงห์บุรี,83678.5,321810.5,405489,1167851.56,1574338.67,93.73097083,2555/56
304,สุรินทร์,45000,1197968.4,1242968.4,1693549.8,2936518.2,109.5369283,2555/56
305,เลย,,,,1868840.5,1868840.5,199.2054425,2555/56
306,มหาสารคาม,,,,885893.5,1012847,108.2064837,2555/56
307,กาญจนบุรี,2513583,4061688.4,6575271.4,3957570.37,10532841.77,702.3857391,2554/55
308,นครราชสีมา,1623559.6,2206611.4,3830171,4904518.8,9014754.3,316.7192283,2554/55
309,อุดรธานี,1488384.25,575340,2063724.25,3281078.425,5344802.675,322.7989249,2554/55
310,นครสวรรค์,1185663.5,1398112.5,2583776,6448107.19,9031883.19,196.1798723,2554/55
311,ขอนแก่น,1046110.1,730072,1776182.1,5841711.1,7902770.84,219.8562647,2554/55
312,มุกดาหาร,944349,,944349,1226524.5,2170873.5,121.5341069,2554/55
313,กำแพงเพชร,916542.5,222023,1138565.5,4085021.84,5223587.34,288.8736358,2554/55
314,สุพรรณบุรี,675819.2,1556236.91,2232056.11,4680137.57,7244271.48,303.0514453,2554/55
315,หนองบัวลำภู,662229,126507.5,788736.5,1458893,2247629.5,103.6568304,2554/55
316,กาฬสินธุ์,579915,758011.5,1337926.5,3531955.3,4869881.8,219.6523516,2554/55
317,ราชบุรี,543923.5,1220843.5,1764767,707807.8,2472574.8,204.782163,2554/55
318,ชลบุรี,510116.5,397696,907812.5,740876.9,1648689.4,279.6884777,2554/55
319,สระแก้ว,502150,125231,627381,1801361.7,2428742.7,104.9389239,2554/55
320,บุรีรัมย์,482921.75,,482921.75,1142195.3,1625117.05,109.1196875,2554/55
321,เพชรบูรณ์,406804,1295099,1701903,3520638.4,5223315.65,108.3136161,2554/55
322,สระบุรี,393945.75,844013,1237958.75,3027325.02,4265283.77,108.0112633,2554/55
323,พิษณุโลก,387304,617440,1004744,1103511.6,2108255.6,97.94304086,2554/55
324,ชัยภูมิ,372831.5,1508074.7,1880906.2,1804882.23,3689868.43,107.2200811,2554/55
325,ลพบุรี,359450.5,151326,510776.5,1346443.1,1955009.1,104.2284424,2554/55
326,อุตรดิตถ์,219872.5,717442.5,937315,1526621.9,2463936.9,105.652398,2554/55
327,สุรินทร์,209100,889867.9,1098967.9,1544703.1,2643671,113.527494,2554/55
328,ประจวบคีรีขันธ์,181954.5,280193.5,462148,33640.4,495788.4,98.84488339,2554/55
329,สิงห์บุรี,126532,527740.25,654272.25,1338180.02,1992452.27,101.1711153,2554/55
330,สุโขทัย,126153,7394,133547,921154.65,1054701.65,94.8929123,2554/55
331,อุทัยธานี,104729,662373.005,767102.005,3210379,3977586.1,105.5252353,2554/55
332,มหาสารคาม,,,,813535.6,883884.1,108.6514155,2554/55
333,กาญจนบุรี,2861537,4090580.5,6952117.5,1890381.9,8842499.4,666.0459237,2553/54
334,นครราชสีมา,2272180.5,2057781.38,4329961.88,5451528.2,10199593.08,318.8825178,2553/54
335,ขอนแก่น,1834080.86,904008.5,2738089.36,5295371.8,8236931.92,216.7178575,2553/54
336,อุดรธานี,1665843,500158,2166001,2860128.57,5026129.57,320.9685164,2553/54
337,นครสวรรค์,1340671,1330906,2671577,6098727.72,8770304.72,183.189257,2553/54
338,กำแพงเพชร,1211335.5,510610,1721945.5,3253346.93,4975292.43,279.2012489,2553/54
339,มุกดาหาร,1036014,,1036014,634213.2,1670227.2,123.2656693,2553/54
340,ชลบุรี,886106.5,403421,1289527.5,715701.99,2005229.49,277.9204186,2553/54
341,สุพรรณบุรี,882376.2,2145521.93,3027898.13,2614155.06,6005530.29,279.6430178,2553/54
342,สระแก้ว,723224,447237.5,1170461.5,1444419,2614880.5,101.6601792,2553/54
343,กาฬสินธุ์,605755,725198,1330953,3525383.1,4864795.1,224.7147776,2553/54
344,บุรีรัมย์,522540,,522540,1210391,1732931,109.5487767,2553/54
345,ลพบุรี,449389,185522.5,634911.5,1236931.6,1956756.2,102.9272214,2553/54
346,ชัยภูมิ,422257.5,1725596.52,2147854.02,1724546.11,3886243.63,107.2111672,2553/54
347,ราชบุรี,413794,891649.5,1305443.5,928558.82,2234002.32,194.6608575,2553/54
348,สระบุรี,386611.75,812403.25,1199015,2508067.36,3707082.36,102.8749742,2553/54
349,หนองบัวลำภู,366884.5,165880,532764.5,1600771.81,2133536.31,102.4849746,2553/54
350,ประจวบคีรีขันธ์,291626.5,251487.5,543114,39676.3,582790.3,101.7708439,2553/54
351,สุรินทร์,287824,1013655.3,1301479.3,1264317.8,2565797.1,114.1219956,2553/54
352,อุตรดิตถ์,250278.5,467792.5,718071,1402857.6,2120928.6,96.09165675,2553/54
353,พิษณุโลก,249094,463757,712851,891362.7,1604232.6,84.76628929,2553/54
354,อุทัยธานี,237557.88,589067.5,826625.38,2527862.2,3356639.48,96.18025992,2553/54
355,เพชรบูรณ์,151830,573950.25,725780.25,3413284.7,4143762.2,105.1622607,2553/54
356,สุโขทัย,137029.5,,137029.5,295470.1,432499.6,90.30672221,2553/54
357,สิงห์บุรี,136567.5,416861,553428.5,1275885.52,1829314.02,98.755006,2553/54
358,มหาสารคาม,,,,939931.8,1132157.3,109.9960264,2553/54
359,กาญจนบุรี,2272542.5,2856115,5128657.5,1769860.17,6898517.67,672.2006438,2552/53
360,นครราชสีมา,2027431.6,1309652.1,3337083.7,2737363.6,6074447.3,305.9475328,2552/53
361,ขอนแก่น,1997524.3,479742.3,2477266.6,2754807.95,5232074.55,209.3345592,2552/53
362,อุดรธานี,1408387.5,255310,1663697.5,1320438.71,2984136.21,293.0313062,2552/53
363,นครสวรรค์,1176897.2,1015976.5,2192873.7,5406325.5,7599199.2,203.3997236,2552/53
364,มุกดาหาร,893625,,893625,126961.7,1020586.7,116.517322,2552/53
365,กำแพงเพชร,893101,321940,1215041,3398681.16,4613722.16,297.1368653,2552/53
366,ชลบุรี,755593.5,105001.5,860595,713977.3,1574572.3,281.0195182,2552/53
367,สุพรรณบุรี,697195.8,1498225.33,2195421.13,2277117.79,4476834.12,286.6097395,2552/53
368,กาฬสินธุ์,445678,486794.5,932472.5,1683630.4,2619216.4,204.6536707,2552/53
369,ลพบุรี,421354.58,92638.5,513993.08,924447,1438485.58,100.4736193,2552/53
370,สระบุรี,417711,522727,940438,1734609.43,2675047.43,102.41598,2552/53
371,เพชรบูรณ์,415997,553520.75,969517.75,1958267.7,2927785.45,101.5779212,2552/53
372,บุรีรัมย์,384327,,384327,792043.1,1176370.1,100.5012194,2552/53
373,ราชบุรี,365523.5,771888,1137411.5,511117.33,1648528.83,188.9938477,2552/53
374,อุตรดิตถ์,322663,202448.5,525111.5,1528248.8,2053360.3,104.0703853,2552/53
375,ชัยภูมิ,288755,1257297,1546052,1434044.16,2980096.16,107.1002262,2552/53
376,สระแก้ว,288453,372393,660846,1273499.3,1934345.3,104.8708271,2552/53
377,สุรินทร์,283588.2,458882.5,742470.7,531937.7,1274408.4,110.1739309,2552/53
378,อุทัยธานี,217840,458439,676279,1845197.1,2521520.32,102.4326667,2552/53
379,ประจวบคีรีขันธ์,167281.2,154251.3,321532.5,205276.35,526808.85,102.1763289,2552/53
380,สุโขทัย,161674,,161674,274655,436329,96.63885042,2552/53
381,พิษณุโลก,130234,389772.5,520006.5,1207910.9,1727917.4,96.0727032,2552/53
382,สิงห์บุรี,123693.5,414855,538548.5,892524.3,1431072.8,98.1125975,2552/53
383,หนองบัวลำภู,73059.5,,73059.5,1088215.6,1161275.1,104.3069087,2552/53
384,มหาสารคาม,52287.62,,52287.62,170813.1,223100.72,100.5361701,2552/53
385,กาญจนบุรี,2943289,3665087,6608376,1196715.9,7805091.9,741.2330189,2551/52
386,อุดรธานี,1522727.5,360096,1882823.5,2049282.932,3932106.432,325.1005228,2551/52
387,นครราชสีมา,1279811.29,1334219,2614030.29,2689586.8,5303617.09,331.4228876,2551/52
388,ขอนแก่น,1232499.88,644289.8,1876789.68,3044359.9,4951326.18,227.5772863,2551/52
389,นครสวรรค์,1195856.6,1288196.5,2484053.1,5564418.9,8048472,212.0938337,2551/52
390,มุกดาหาร,1169434,,1169434,190473.2,1359907.2,116.017877,2551/52
391,กำแพงเพชร,840115.8,331396.2,1171512,3268652.93,4440164.93,319.5877577,2551/52
392,ชลบุรี,775083,169432,944515,510173.8,1454688.8,298.3376314,2551/52
393,สุพรรณบุรี,691224.5,1666771.4,2357995.9,2695797.46,5057408.16,317.0957815,2551/52
394,กาฬสินธุ์,688412.5,535220.5,1223633,1965864.4,3198781.9,224.070481,2551/52
395,เพชรบูรณ์,527566,563783.5,1091349.5,1859928.4,2951277.9,107.9892682,2551/52
396,ราชบุรี,362835,1253121,1615956,116034.14,1732140.14,203.6895454,2551/52
397,สระแก้ว,335171,541272,876443,1006370.6,1882813.6,106.9611851,2551/52
398,ลพบุรี,326245.3,317835.5,644080.8,998361.4,1644987.3,107.435998,2551/52
399,ประจวบคีรีขันธ์,262824,163888,426712,34258.35,460970.35,100.6983695,2551/52
400,ชัยภูมิ,239790.5,1153697.55,1393488.05,1456285.88,2849773.93,107.9020955,2551/52
401,อุตรดิตถ์,239460,731190.5,970650.5,1350520,2321170.5,108.1998922,2551/52
402,อุทัยธานี,161606,210323,371929,1886243.7,2258185.6,110.9168932,2551/52
403,สุโขทัย,140019.5,,140019.5,304377.5,444397,106.6965887,2551/52
404,สระบุรี,127270,656372.25,783642.25,1761074.1,2544716.35,107.3245179,2551/52
405,หนองบัวลำภู,123160.5,,123160.5,995224.4,1118384.9,109.3271225,2551/52
406,บุรีรัมย์,122023.5,,122023.5,959611.5,1081635,112.049739,2551/52
407,สิงห์บุรี,115960,434338,550298,1121930.98,1672228.98,107.3961838,2551/52
408,พิษณุโลก,91630,323650.25,415280.25,1497327.3,1912607.55,106.4125048,2551/52
409,สุรินทร์,6000,933910,939910,209402.4,1149312.4,109.319225,2551/52
410,มหาสารคาม,,,,289749.3,289749.3,102.8321625,2551/52
411,กาญจนบุรี,2308810,3082955.5,5391765.5,2256342.32,7648107.82,685.9197319,2550/51
412,นครราชสีมา,1868370.36,2084905.8,3953276.16,3130353.9,7083630.06,339.2987326,2550/51
413,อุดรธานี,1664983,197580,1862563,2626108.61,4488671.61,321.0661419,2550/51
414,ขอนแก่น,1436456.93,722332.7,2158789.63,4301172.95,6459962.58,226.3324078,2550/51
415,นครสวรรค์,1251723,1219376.5,2471099.5,5284726.1,7755825.6,210.6181255,2550/51
416,ชลบุรี,1009286.5,282516.5,1291803,733408.6,2025211.6,286.1651354,2550/51
417,มุกดาหาร,772550,,772550,440516.8,1213066.8,113.4443947,2550/51
418,กำแพงเพชร,711359.5,176615.5,887975,3549962.17,4437937.17,318.6593823,2550/51
419,กาฬสินธุ์,613685.3,756179,1369864.3,2758883.9,4128748.2,228.6592683,2550/51
420,สุพรรณบุรี,509574.6,1387185.46,1896760.06,3053530.55,4952662.51,307.0122539,2550/51
421,ราชบุรี,399585,978302.5,1377887.5,300112.5,1678000,192.9420314,2550/51
422,เพชรบูรณ์,394630.5,440155,834785.5,1924844.6,2759630.1,101.8447246,2550/51
423,สระบุรี,344219,435196,779415,1993355.3,2772770.3,105.6415678,2550/51
424,ชัยภูมิ,328255.5,1193144.27,1521399.77,1655843.8,3177243.57,109.1056301,2550/51
425,สระแก้ว,325735.5,481295.76,807031.26,1892295.1,2699326.36,107.0283074,2550/51
426,ประจวบคีรีขันธ์,295187.5,174754.5,469942,41179.55,511121.55,102.7923446,2550/51
427,ลพบุรี,289146.78,201096,490242.78,700606,1193161.28,101.7283675,2550/51
428,สุรินทร์,259486,478251.46,737737.46,1152550,1890287.46,113.26529,2550/51
429,อุตรดิตถ์,257841,744918.5,1002759.5,1332672.7,2335432.2,111.4532062,2550/51
430,บุรีรัมย์,181882.5,,181882.5,1439431.55,1621314.05,111.4585574,2550/51
431,สิงห์บุรี,162261.5,450941,613202.5,1036896.1,1650098.6,105.8164181,2550/51
432,อุทัยธานี,159536,733147,892683,1381709.7,2274428.12,105.1327476,2550/51
433,สุโขทัย,147676.5,,147676.5,263267.3,410943.8,110.5249588,2550/51
434,พิษณุโลก,139604,434207,573811,1383398.3,1957209.3,107.0382312,2550/51
435,มหาสารคาม,,,,17073.7,17073.7,48.71741463,2550/51
436,หนองบัวลำภู,,,,1023580.67,1023580.67,108.617295,2550/51
437,เพชรบูรณ์,88993,176660.75,265653.75,3297239.8,3766749.107,101.6582789,2566/67
438,เลย,0,0,0,4448365.4,4544209.204,113.1309352,2566/67
439,กาญจนบุรี,658539.25,991327.5,1649866.75,2338828.19,4113563.69,78.8034427,2566/67
440,กาฬสินธุ์,139441.5,0,139441.5,3612773.35,3935969.213,118.9954451,2566/67
441,กำแพงเพชร,408578,247046,655624,2647786.64,3415900.672,86.20100823,2566/67
442,ขอนแก่น,300000,977303.75,1277303.75,3086612.9,4632836.939,114.9889602,2566/67
443,ชลบุรี,198107,130650,328757,207903.3,624973.204,87.64707523,2566/67
444,ชัยภูมิ,270790.5,605801.75,876592.25,4157891.2,5084816.904,114.9160895,2566/67
445,นครราชสีมา,797758,1012043.5,1809801.5,5985568.85,7983230.938,106.8586245,2566/67
446,นครสวรรค์,346162,626187.5,972349.5,1927554.15,2970796.649,91.76605732,2566/67
447,บุรีรัมย์,0,0,0,1132182.9,1555272.558,114.573192,2566/67
448,ประจวบคีรีขันธ์,35892.5,50157.5,86050,65339.5,151389.5,91.36652582,2566/67
449,พิษณุโลก,84022,322725,406747,1050327.8,1464789.958,90.33608091,2566/67
450,มหาสารคาม,0,0,0,435217.7,552143.1878,113.4757473,2566/67
451,มุกดาหาร,328034.5,0,328034.5,712752.2,1159353.7,122.8001007,2566/67
452,ราชบุรี,180441.5,186637.5,367079,308466.32,675545.32,82.50958352,2566/67
453,ลพบุรี,105116,0,105116,976282.9,1264726.757,99.25363788,2566/67
454,สกลนคร,0,0,0,317435.7,358102.167,109.3817203,2566/67
455,สระแก้ว,192131.5,127692,319823.5,2106617.4,2429213.9,106.1200552,2566/67
456,สระบุรี,114395.5,346603,460998.5,918366.07,1380931.06,100.950806,2566/67
457,สิงห์บุรี,98321,212453.5,310774.5,498509.5,810335.176,97.27961625,2566/67
458,สุโขทัย,58049.5,266492.5,324542,668660.5,1012179.07,106.0760256,2566/67
459,สุพรรณบุรี,204163.5,444553.85,648717.35,1983098.86,3019957.292,89.65632455,2566/67
460,สุรินทร์,43496,567754,611250,869639,1480889,107.5107921,2566/67
461,หนองบัวลำภู,108208.5,269817.5,378026,2033167.9,2411193.9,107.4251329,2566/67
462,อำนาจเจริญ,0,0,0,1233497.8,1233497.8,124.3894394,2566/67
463,อุดรธานี,129404.5,577566.25,706970.75,3639528.64,4396415.363,105.1720505,2566/67
464,อุตรดิตถ์,17285.5,97680,114965.5,529960.8,666919.013,102.361566,2566/67
465,อุทัยธานี,191261,221895.75,413156.75,1754821.52,2212100.213,88.57751725,2566/67
